rule,year,avg_days_Low_across_Pandhurna,avg_days_Moderate_across_Pandhurna,avg_days_High_across_Pandhurna,max_days_High_anywhere_in_Pandhurna
G-D02,2019,6.1,3.5,0.8,18
P01,2019,7.9,6.9,9.5,86
G-P01,2019,13.9,16.3,9.0,62
G-P03,2019,5.3,5.3,13.6,90
X-W01,2019,,,8.2,56
G-D02,2020,3.9,1.8,0.3,12
P01,2020,7.5,4.9,21.2,154
G-P01,2020,13.7,15.1,9.9,70
G-P03,2020,5.3,5.3,13.8,89
X-W01,2020,,,6.9,47
G-D02,2021,4.0,1.1,0.0,0
P01,2021,8.3,7.8,18.7,140
G-P01,2021,13.9,15.3,10.1,69
G-P03,2021,5.5,5.4,13.9,94
X-W01,2021,,,6.6,43
G-D02,2022,7.3,2.6,0.1,1
P01,2022,6.0,6.0,11.1,98
G-P01,2022,13.7,15.9,9.3,66
G-P03,2022,5.4,5.3,14.0,87
X-W01,2022,,,7.6,56
