time,tmax,tmin,tmean,tdew,vp_hpa,rh_mean,lw_hours,rain_mm,u10,wdr_hours,rs_mj,p_kpa,et0_mm,etc_mm,wb_depletion_mm,wb_wet_day,G-D02_pass,G-D02_index7,G-D02_level,G-D01_pass,G-D01_index7,G-D01_level,X-W01_alert
2020-07-22,32.04,24.24,27.49,23.79,29.42,81.42,9.0,17.99,1.86,0.0,20.31,96.0,4.62,3.24,0.0,True,0,0.0,0.0,1,6.0,3.0,1
2020-07-23,30.94,24.45,26.64,23.58,29.04,84.14,11.0,3.95,1.99,0.0,13.11,95.9,3.36,2.35,0.0,True,0,0.0,0.0,1,6.0,3.0,1
2020-07-24,29.33,23.88,25.72,23.83,29.49,89.86,15.0,11.91,1.11,0.0,12.47,96.02,2.87,2.01,0.0,True,0,0.0,0.0,1,7.0,3.0,1
2020-07-25,29.41,23.32,25.78,23.17,28.33,86.18,11.0,6.77,1.4,0.0,14.66,96.12,3.3,2.31,0.0,True,0,0.0,0.0,1,7.0,3.0,1
2020-07-26,31.43,23.15,27.09,23.23,28.45,80.49,8.0,0.82,1.62,0.0,20.8,96.19,4.55,3.18,2.36,False,0,0.0,0.0,0,6.0,3.0,0
2020-07-27,32.68,24.07,28.01,23.56,29.01,77.77,6.0,1.23,1.74,0.0,20.48,96.06,4.71,3.29,4.43,False,0,0.0,0.0,0,5.0,3.0,0
2020-07-28,32.03,25.63,27.95,23.63,29.14,77.96,0.0,0.85,1.94,0.0,15.36,95.92,3.94,2.76,6.34,False,0,0.0,0.0,0,4.0,2.0,0
2020-07-29,31.26,24.16,26.77,24.06,29.89,85.94,13.0,9.16,0.84,0.0,14.81,95.83,3.37,2.36,0.0,True,0,0.0,0.0,1,4.0,2.0,0
2020-07-30,30.81,23.93,27.08,23.93,29.67,83.78,10.0,1.65,1.03,0.0,16.2,95.88,3.61,2.53,0.88,False,0,0.0,0.0,0,3.0,2.0,0
2020-07-31,32.21,25.08,28.01,24.26,30.25,80.85,6.0,3.13,1.07,0.0,19.24,95.85,4.31,3.02,0.77,False,0,0.0,0.0,0,2.0,1.0,0
2020-08-01,32.14,25.43,28.37,24.37,30.47,79.53,2.0,4.95,1.01,0.0,18.06,95.8,4.1,2.87,0.0,True,0,0.0,0.0,0,1.0,1.0,0
2020-08-02,33.53,25.5,28.6,24.3,30.34,78.43,1.0,2.41,1.58,0.0,18.51,95.67,4.46,3.12,0.71,False,0,0.0,0.0,0,1.0,1.0,0
2020-08-03,28.63,24.81,26.48,24.27,30.28,87.96,9.0,6.49,2.22,0.0,8.47,95.45,2.25,1.57,0.0,True,0,0.0,0.0,1,2.0,1.0,0
2020-08-04,28.41,24.46,26.12,24.21,30.17,89.47,14.0,11.53,2.03,0.0,10.32,95.17,2.51,1.75,0.0,True,0,0.0,0.0,1,3.0,2.0,0
2020-08-05,28.48,24.12,25.83,23.76,29.38,88.7,14.0,18.92,1.46,0.0,8.15,94.92,2.09,1.46,0.0,True,0,0.0,0.0,1,3.0,2.0,1
2020-08-06,27.09,24.24,25.36,23.16,28.33,88.07,11.0,4.62,2.46,0.0,8.92,95.09,2.32,1.63,0.0,True,0,0.0,0.0,1,4.0,2.0,1
2020-08-07,29.82,24.12,26.59,23.32,28.59,83.01,11.0,3.24,2.74,0.0,16.92,95.62,3.95,2.76,0.0,True,0,0.0,0.0,1,5.0,3.0,1
2020-08-08,25.95,24.4,25.06,23.73,29.3,92.34,23.0,27.32,2.45,0.0,4.93,95.74,1.27,0.89,0.0,True,1,1.0,1.0,1,6.0,3.0,1
2020-08-09,24.56,23.84,24.22,22.99,28.03,92.87,24.0,40.58,3.08,0.0,2.47,95.62,0.74,0.52,0.0,True,1,2.0,1.0,1,7.0,3.0,1
2020-08-10,27.91,23.67,25.05,23.05,28.13,88.93,15.0,28.3,3.8,0.0,7.54,95.53,2.28,1.6,0.0,True,0,2.0,1.0,1,7.0,3.0,1
2020-08-11,26.56,24.16,24.99,23.39,28.71,90.95,16.0,6.1,3.04,0.0,5.45,95.71,1.55,1.08,0.0,True,0,2.0,1.0,1,7.0,3.0,1
2020-08-12,26.83,23.89,25.05,22.98,28.01,88.49,15.0,12.37,3.33,0.0,5.9,95.81,1.77,1.24,0.0,True,0,2.0,1.0,1,7.0,3.0,1
2020-08-13,24.97,23.3,23.98,22.71,27.55,92.59,24.0,50.01,3.67,0.0,4.91,95.61,1.3,0.91,0.0,True,1,3.0,2.0,1,7.0,3.0,1
2020-08-14,25.06,23.05,23.87,22.42,27.08,91.62,20.0,15.52,3.41,0.0,3.75,95.48,1.12,0.79,0.0,True,1,4.0,2.0,1,7.0,3.0,1
2020-08-15,26.51,23.2,24.58,22.51,27.22,88.37,9.0,3.44,2.97,0.0,5.92,95.48,1.72,1.2,0.0,True,0,3.0,2.0,1,7.0,3.0,1
2020-08-16,25.19,23.27,24.25,23.05,28.13,93.02,24.0,28.44,3.14,0.0,4.58,95.5,1.15,0.81,0.0,True,1,3.0,2.0,1,7.0,3.0,1
2020-08-17,26.03,23.48,24.53,23.18,28.35,92.25,18.0,32.99,3.12,0.0,4.72,95.5,1.3,0.91,0.0,True,1,4.0,2.0,1,7.0,3.0,1
2020-08-18,26.09,23.55,24.6,22.73,27.58,89.48,10.0,4.24,3.22,0.0,6.49,95.64,1.78,1.25,0.0,True,0,4.0,2.0,1,7.0,3.0,1
2020-08-19,26.19,23.85,24.8,22.52,27.24,87.23,5.0,3.2,3.69,0.0,6.99,95.62,2.04,1.42,0.0,True,0,4.0,2.0,1,7.0,3.0,1
2020-08-20,28.34,23.93,25.41,23.16,28.32,87.51,9.0,3.69,3.16,0.0,9.48,95.5,2.62,1.84,0.0,True,0,3.0,2.0,1,7.0,3.0,1
2020-08-21,24.83,23.32,24.03,23.24,28.45,95.36,24.0,23.96,3.38,0.0,2.96,95.57,0.75,0.53,0.0,True,1,3.0,2.0,1,7.0,3.0,1
2020-08-22,25.85,22.66,24.09,22.55,27.29,91.28,15.0,4.69,4.33,0.0,6.64,95.73,1.75,1.23,0.0,True,0,3.0,2.0,1,7.0,3.0,1
2020-08-23,28.71,23.33,25.53,22.56,27.31,84.19,10.0,2.13,3.41,0.0,14.66,95.85,3.54,2.48,0.34,False,0,2.0,1.0,0,6.0,3.0,0
2020-08-24,29.78,23.34,26.33,22.26,26.81,79.23,8.0,0.59,3.05,0.0,19.06,95.99,4.38,3.07,2.82,False,0,1.0,1.0,0,5.0,3.0,0
2020-08-25,29.87,23.77,26.55,22.05,26.47,77.09,0.0,0.35,2.75,0.0,16.35,96.16,4.02,2.81,5.28,False,0,1.0,1.0,0,4.0,2.0,0
2020-08-26,29.54,23.76,26.34,21.51,25.63,75.65,0.0,2.16,2.89,0.0,13.15,96.17,3.62,2.54,5.66,False,0,1.0,1.0,0,3.0,2.0,0
2020-08-27,25.31,23.43,24.02,22.39,27.03,90.67,18.0,36.78,3.84,0.0,5.08,95.95,1.51,1.06,0.0,True,1,2.0,1.0,1,3.0,2.0,0
2020-08-28,24.43,23.08,23.68,22.37,26.99,92.36,20.0,16.37,4.57,0.0,4.91,95.73,1.31,0.92,0.0,True,1,2.0,1.0,1,3.0,2.0,0
2020-08-29,23.47,22.47,22.83,21.98,26.36,94.98,24.0,118.5,4.45,0.0,0.78,95.7,0.43,0.3,0.0,True,1,3.0,2.0,1,3.0,2.0,1
2020-08-30,28.48,22.41,24.99,22.09,26.54,84.59,10.0,1.5,3.42,0.0,12.96,95.93,3.23,2.26,0.76,False,0,3.0,2.0,0,3.0,2.0,0
2020-08-31,29.39,22.51,25.93,21.88,26.19,79.3,7.0,0.03,2.45,0.0,16.61,96.15,3.81,2.67,3.39,False,0,3.0,2.0,0,3.0,2.0,0
2020-09-01,30.64,22.62,26.72,21.91,26.25,76.19,5.0,0.2,2.0,0.0,19.43,96.23,4.32,3.02,6.22,False,0,3.0,2.0,0,3.0,2.0,0
2020-09-02,30.23,23.82,26.71,21.93,26.29,76.0,0.0,0.12,1.73,0.0,15.13,96.23,3.63,2.54,8.64,False,0,3.0,2.0,0,3.0,2.0,0
2020-09-03,31.21,23.31,27.49,22.46,27.16,75.35,2.0,0.21,0.9,0.0,20.67,96.21,4.33,3.03,11.45,False,0,2.0,1.0,0,2.0,1.0,0
2020-09-04,31.95,23.41,27.56,22.98,28.02,77.4,5.0,0.31,1.34,0.0,20.62,96.2,4.47,3.13,14.27,False,0,1.0,1.0,0,1.0,1.0,0
2020-09-05,31.22,24.4,27.32,23.9,29.63,82.29,9.0,5.22,1.13,0.0,18.68,96.13,4.05,2.83,11.88,False,0,0.0,0.0,1,1.0,1.0,0
