event,stress,start,end,cell,rules,S_alert,T_first_alert,U_highest,status,finished,X_remarks
I01,Gummosis; sooty mould; twig blight,2020-07-01,2021-06-30,21.6_78.6,"G-D02, T09, P01, G-P01, G-P03, T13, X-W01",Yes,2020-06-16,High,done,2026-09-28,"ERA5-Land 0.1°, cell 21.6_78.6, checked 2020-06-16 to 2021-06-30. G-D02: first alert 2020-08-08 (38 d after start), highest Moderate. P01: first alert 2020-06-16 (already active when the check window opens), highest High. G-P01: first alert 2020-06-16 (already active when the check window opens), highest High. G-P03: first alert 2020-06-16 (already active when the check window opens), highest High. X-W01: first alert 2020-06-17 (14 d before start), 40.0 alert days. Calendar (not counted as alert): T09 active from 2020-08-15; T13 active from 2020-08-01."
I02,Gummosis (Phytophthora),2015-08-01,2015-12-31,21.6_78.8,"G-D02, T09, A05, X-W01",,,,not run yet,,
I03,Gummosis,2022-01-07,2022-01-07,21.6_78.5,"G-D02, T09, X-W01",,,,not run yet,,
I04,Fruit rot on tree; Mrig bahar failure; gummosis increasing,2024-06-01,2024-10-31,21.6_78.5,"G-D02, T09, A05, X-W01",,,,not run yet,,
I05,Phytophthora brown rot,2021-07-05,2021-07-05,21.5_78.5,"G-D02, T09, X-W01, X-B01",No,-,None,done,2026-09-28,"ERA5-Land 0.1°, cell 21.5_78.5, checked 2021-06-20 to 2021-07-05. G-D02: no alert. X-W01: no alert. Calendar (not counted as alert): T09 not active; X-B01 active from 2021-07-01."
I06,Fruit fly; mites (rust & green); fruit-sucking moth,2021-10-16,2021-10-16,21.1_79.1,"G-P05, T10, T11, T12",,,,not run yet,,
I07,Citrus blackfly,2022-11-21,2022-11-21,21.1_79.1,T13,,,,not run yet,,
I08,Citrus canker (acid lime) after hail; fruit drop,2023-03-15,2023-03-21,21.1_79.1,"X-S01, D02, D01",,,,not run yet,,
I09,Fungal fruit drop (orange and mosambi) after excess rain,2024-07-01,2024-10-16,21.5_78.5,"G-D02, T09, X-W01",,,,not run yet,,
I10,'Black fungus' fruitlet drop (Ambia) under heat,2022-04-01,2022-05-07,21.5_78.5,"H01, H02, H04, A06, X-H01c, X-H04c, X-H01",,,,not run yet,,
I11,Fruit drop (drought stress),2026-08-15,2026-09-10,21.1_79.1,"H05, H02, H06",,,,not run yet,,
I12,Colletotrichum fruit drop,2014-06-01,2014-09-08,21.1_79.1,"H05, G-D01, H02",,,,not run yet,,
I13,Citrus psylla,2012-02-01,2012-04-13,21.1_79.1,"P01, G-P01, T02",,,,not run yet,,
I14,Citrus psylla,2009-01-15,2009-04-01,21.1_79.1,"P01, G-P01, T02",,,,not run yet,,
I15,Citrus leaf miner,2019-09-06,2019-11-18,21.1_79.1,"P02, G-P02, T04",,,,not run yet,,
I16,Fruitlet drop (heat),1994-03-01,1994-04-30,21.1_79.1,"H01, X-H01c, H02, H04, X-H04c",,,,not run yet,,
I17,Fruitlet drop (heat),1999-03-01,1999-04-30,21.1_79.1,"H01, X-H01c, H02, H04, X-H04c",,,,not run yet,,
I18,Fruitlet drop (heat),2001-03-01,2001-04-30,21.1_79.1,"H01, X-H01c, H02, H04, X-H04c",,,,not run yet,,
I19,Fruitlet drop (heat),2004-03-01,2004-04-30,21.1_79.1,"H01, X-H01c, H02, H04, X-H04c",,,,not run yet,,
I20,Fruitlet drop (heat),2008-03-01,2008-04-30,21.1_79.1,"H01, X-H01c, H02, H04, X-H04c",,,,not run yet,,
I21,Tree death (drought / heat),2019-06-19,2019-06-19,21.5_78.6,"H05, H04, H02, X-H01, X-H04c",,,,not run yet,,
I22,Tree death and fruit loss (extreme heat),2010-04-01,2010-06-15,21.1_79.1,"H04, X-H04c, X-H01, H01, H03",,,,not run yet,,
I23,Phytophthora brown rot; severe fruit drop (sweet orange),2020-08-06,2020-09-04,21.5_78.6,"G-D02, G-D01, T09, X-W01",Yes,2020-07-22,High,done,2026-09-28,"ERA5-Land 0.1°, cell 21.5_78.6, checked 2020-07-22 to 2020-09-04. G-D02: first alert 2020-08-08 (2 d after start), highest Moderate. G-D01: first alert 2020-07-22 (already active when the check window opens), highest High. X-W01: first alert 2020-07-22 (already active when the check window opens), 23.0 alert days. Calendar (not counted as alert): T09 active from 2020-08-15."
I24,Severe decline and fungal infection (Nagpur mandarin),2021-01-08,2021-01-08,21.5_78.6,"G-D02, X-W01, T09",No,-,None,done,2026-09-28,"ERA5-Land 0.1°, cell 21.5_78.6, checked 2020-12-24 to 2021-01-08. G-D02: no alert. X-W01: no alert. Calendar (not counted as alert): T09 not active."
I25,"Unprecedented fruit drop of Ambia crop (sweet orange, mandarin)",2021-08-06,2021-09-05,21.5_78.5,"G-D02, H06, T09, X-W01",,,,not run yet,,
I26,Hailstorm damage; mandarin fruit drop,2018-02-07,2018-02-13,21.5_78.4,"X-S01, D02, D01",,,,not run yet,,
I27,Fruit drop (cause not stated),2019-08-06,2019-08-06,21.5_78.4,"G-D02, G-D01, T09, X-W01, X-B01",,,,not run yet,,
I28,"Fruit drop of sweet orange (same season as the Katol brown-rot outbreak, I23)",2020-08-06,2020-09-05,21.5_78.4,"G-D02, G-D01, T09, X-W01",Yes,2020-07-22,High,done,2026-09-28,"ERA5-Land 0.1°, cell 21.5_78.4, checked 2020-07-22 to 2020-09-05. G-D02: first alert 2020-08-08 (2 d after start), highest Moderate. G-D01: first alert 2020-07-22 (already active when the check window opens), highest High. X-W01: first alert 2020-07-22 (already active when the check window opens), 23.0 alert days. Calendar (not counted as alert): T09 active from 2020-08-15."
I29,"Hailstorm; up to 20% of near-ripe oranges knocked down, hail scars",2026-03-16,2026-03-22,21.6_78.5,"X-S01, D02, D01",,,,not run yet,,
I30,"Severe hailstorm; young Ambia fruit knocked down, hail scars, broken branches",2026-06-09,2026-06-15,21.5_78.4,"X-S01, D02",,,,not run yet,,
N01,Storm and heavy rain on near-ripe fruit (crop destroyed),2024-03-14,2024-03-20,21.6_78.5,"D02, D01, X-S01",,,,not run yet,,
